{
  "GOSE_12_Unfav": {
    "levels": ["0", "1"],
    "reference": "0"
  },
  "arr_pp_size": {
    "levels": ["not mydriatic", "bilaterally mydriatic"],
    "reference": "not mydriatic"
  },
  "arr_pp_prompt": {
    "levels": ["preserved", "bilateral absence"],
    "reference": "preserved"
  },
  "head_neck_AIS": {
    "levels": ["3", "4", "5"],
    "reference": "3"
  },
  "EDH": {
    "levels": ["absent", "present"],
    "reference": "absent"
  },
  "SAH": {
    "levels": ["absent", "present"],
    "reference": "absent"
  },
  "IVH": {
    "levels": ["absent", "present"],
    "reference": "absent"
  },
  "MidlineShift": {
    "levels": ["absent", "present"],
    "reference": "absent"
  },
  "basal_cistern_compression": {
    "levels": ["absent", "present"],
    "reference": "absent"
  }
}
